Arquivo_Origem,Segmento_ID,Inicio(s),Fim(s),Duracao(s),Routing_Model,Routing_Reason,Texto_Transcrito,Custo_Estimado,SNR
10_20250907210004.webm,10_20250907210004.webm_seg_1,N/A,N/A,0.89,assemblyai,Local Logic,,0.005,32.70
10_20250907210404.webm,10_20250907210404.webm_seg_1,N/A,N/A,0.44,assemblyai,Local Logic,,0.005,43.20
10_20250907210404.webm,10_20250907210404.webm_seg_2,N/A,N/A,1.05,assemblyai,Local Logic,,0.005,46.69
10_20250907210404.webm,10_20250907210404.webm_seg_3,N/A,N/A,2.11,assemblyai,Local Logic,,0.005,44.71
10_20250907210404.webm,10_20250907210404.webm_seg_4,N/A,N/A,1.82,assemblyai,Local Logic,,0.005,43.27
10_20250907210504.webm,10_20250907210504.webm_seg_1,N/A,N/A,0.41,assemblyai,Local Logic,,0.005,34.12
10_20250907210504.webm,10_20250907210504.webm_seg_2,N/A,N/A,1.60,assemblyai,Local Logic,,0.005,48.89
10_20250907210504.webm,10_20250907210504.webm_seg_3,N/A,N/A,2.94,assemblyai,Local Logic,,0.005,49.04
10_20250907210504.webm,10_20250907210504.webm_seg_4,N/A,N/A,2.20,assemblyai,Local Logic,,0.005,45.88
10_20250907210504.webm,10_20250907210504.webm_seg_5,N/A,N/A,0.80,assemblyai,Local Logic,,0.005,39.80
10_20250907210504.webm,10_20250907210504.webm_seg_6,N/A,N/A,0.64,assemblyai,Local Logic,,0.005,49.31
10_20250907210604.webm,10_20250907210604.webm_seg_1,N/A,N/A,0.57,assemblyai,Local Logic,,0.005,50.79
10_20250907210604.webm,10_20250907210604.webm_seg_2,N/A,N/A,1.53,assemblyai,Local Logic,,0.005,46.61
10_20250907210604.webm,10_20250907210604.webm_seg_3,N/A,N/A,0.35,assemblyai,Local Logic,,0.005,36.46
10_20250907210804.webm,10_20250907210804.webm_seg_1,N/A,N/A,0.64,assemblyai,Local Logic,,0.005,46.18
10_20250907210804.webm,10_20250907210804.webm_seg_2,N/A,N/A,1.08,assemblyai,Local Logic,,0.005,49.52
10_20250907210804.webm,10_20250907210804.webm_seg_3,N/A,N/A,0.80,assemblyai,Local Logic,,0.005,52.67
10_20250907210804.webm,10_20250907210804.webm_seg_4,N/A,N/A,0.99,assemblyai,Local Logic,,0.005,45.99
10_20250907210804.webm,10_20250907210804.webm_seg_5,N/A,N/A,0.57,assemblyai,Local Logic,,0.005,37.41
10_20250907210804.webm,10_20250907210804.webm_seg_6,N/A,N/A,0.57,assemblyai,Local Logic,,0.005,48.16
10_20250907210804.webm,10_20250907210804.webm_seg_7,N/A,N/A,1.08,assemblyai,Local Logic,,0.005,38.45
10_20250907210804.webm,10_20250907210804.webm_seg_8,N/A,N/A,1.31,assemblyai,Local Logic,,0.005,41.35
10_20250907210804.webm,10_20250907210804.webm_seg_9,N/A,N/A,3.90,assemblyai,Local Logic,,0.005,43.15
10_20250907210804.webm,10_20250907210804.webm_seg_10,N/A,N/A,1.88,assemblyai,Local Logic,,0.005,47.22
10_20250907210804.webm,10_20250907210804.webm_seg_11,N/A,N/A,0.51,assemblyai,Local Logic,,0.005,48.32
10_20250907210904.webm,10_20250907210904.webm_seg_1,N/A,N/A,0.99,assemblyai,Local Logic,,0.005,38.81
10_20250907210904.webm,10_20250907210904.webm_seg_2,N/A,N/A,1.31,assemblyai,Local Logic,,0.005,42.41
10_20250907210904.webm,10_20250907210904.webm_seg_3,N/A,N/A,0.83,assemblyai,Local Logic,,0.005,40.34
10_20250907210904.webm,10_20250907210904.webm_seg_4,N/A,N/A,0.54,assemblyai,Local Logic,,0.005,33.46
10_20250907210904.webm,10_20250907210904.webm_seg_5,N/A,N/A,4.12,assemblyai,Local Logic,,0.005,47.07
10_20250907210904.webm,10_20250907210904.webm_seg_6,N/A,N/A,0.48,assemblyai,Local Logic,,0.005,42.56
10_20250907211304.webm,10_20250907211304.webm_seg_1,N/A,N/A,0.32,assemblyai,Local Logic,,0.005,43.71
10_20250907211304.webm,10_20250907211304.webm_seg_2,N/A,N/A,0.35,assemblyai,Local Logic,,0.005,36.35
10_20250907211404.webm,10_20250907211404.webm_seg_1,N/A,N/A,1.15,assemblyai,Local Logic,,0.005,51.12
10_20250907211504.webm,10_20250907211504.webm_seg_1,N/A,N/A,1.08,assemblyai,Local Logic,,0.005,48.38
10_20250907211604.webm,10_20250907211604.webm_seg_1,N/A,N/A,1.15,assemblyai,Local Logic,,0.005,34.39
10_20250907211604.webm,10_20250907211604.webm_seg_2,N/A,N/A,0.35,assemblyai,Local Logic,,0.005,28.15
10_20250907211604.webm,10_20250907211604.webm_seg_3,N/A,N/A,0.54,assemblyai,Local Logic,,0.005,36.75
10_20250907211704.webm,10_20250907211704.webm_seg_1,N/A,N/A,0.48,assemblyai,Local Logic,,0.005,40.98
10_20250907211704.webm,10_20250907211704.webm_seg_2,N/A,N/A,0.44,assemblyai,Local Logic,,0.005,35.78
10_20250907211704.webm,10_20250907211704.webm_seg_3,N/A,N/A,1.05,assemblyai,Local Logic,,0.005,41.89
10_20250907211804.webm,10_20250907211804.webm_seg_1,N/A,N/A,0.99,assemblyai,Local Logic,,0.005,42.60
10_20250907211804.webm,10_20250907211804.webm_seg_2,N/A,N/A,0.32,assemblyai,Local Logic,,0.005,34.83
10_20250907211804.webm,10_20250907211804.webm_seg_3,N/A,N/A,0.73,assemblyai,Local Logic,,0.005,43.36
10_20250907211804.webm,10_20250907211804.webm_seg_4,N/A,N/A,1.37,assemblyai,Local Logic,,0.005,36.03
10_20250907211804.webm,10_20250907211804.webm_seg_5,N/A,N/A,0.60,assemblyai,Local Logic,,0.005,35.59
10_20250907211804.webm,10_20250907211804.webm_seg_6,N/A,N/A,0.70,assemblyai,Local Logic,,0.005,40.87
10_20250907211804.webm,10_20250907211804.webm_seg_7,N/A,N/A,0.32,assemblyai,Local Logic,,0.005,35.26
10_20250907211804.webm,10_20250907211804.webm_seg_8,N/A,N/A,1.15,assemblyai,Local Logic,,0.005,38.91
10_20250907211804.webm,10_20250907211804.webm_seg_9,N/A,N/A,0.64,assemblyai,Local Logic,,0.005,39.23
10_20250907211804.webm,10_20250907211804.webm_seg_10,N/A,N/A,1.56,assemblyai,Local Logic,,0.005,45.69
10_20250907211804.webm,10_20250907211804.webm_seg_11,N/A,N/A,0.41,assemblyai,Local Logic,,0.005,36.29
10_20250907211804.webm,10_20250907211804.webm_seg_12,N/A,N/A,0.73,assemblyai,Local Logic,,0.005,39.60
10_20250907211804.webm,10_20250907211804.webm_seg_13,N/A,N/A,2.20,assemblyai,Local Logic,,0.005,36.10
10_20250907211804.webm,10_20250907211804.webm_seg_14,N/A,N/A,0.48,assemblyai,Local Logic,,0.005,34.65
10_20250907211804.webm,10_20250907211804.webm_seg_15,N/A,N/A,0.60,assemblyai,Local Logic,,0.005,37.22
10_20250907211804.webm,10_20250907211804.webm_seg_16,N/A,N/A,0.76,assemblyai,Local Logic,,0.005,42.35
10_20250907211804.webm,10_20250907211804.webm_seg_17,N/A,N/A,1.66,assemblyai,Local Logic,,0.005,39.79
10_20250907211804.webm,10_20250907211804.webm_seg_18,N/A,N/A,0.86,assemblyai,Local Logic,,0.005,34.67
10_20250907211904.webm,10_20250907211904.webm_seg_1,N/A,N/A,1.88,assemblyai,Local Logic,,0.005,41.32
10_20250907211904.webm,10_20250907211904.webm_seg_2,N/A,N/A,1.31,assemblyai,Local Logic,,0.005,34.88
10_20250907211904.webm,10_20250907211904.webm_seg_3,N/A,N/A,1.34,assemblyai,Local Logic,,0.005,41.39
10_20250907211904.webm,10_20250907211904.webm_seg_4,N/A,N/A,2.40,assemblyai,Local Logic,,0.005,39.91
10_20250907211904.webm,10_20250907211904.webm_seg_5,N/A,N/A,0.57,assemblyai,Local Logic,,0.005,34.43
10_20250907211904.webm,10_20250907211904.webm_seg_6,N/A,N/A,0.92,assemblyai,Local Logic,,0.005,37.45
10_20250907211904.webm,10_20250907211904.webm_seg_7,N/A,N/A,0.32,assemblyai,Local Logic,,0.005,37.96
10_20250907213804.webm,10_20250907213804.webm_seg_1,N/A,N/A,1.12,assemblyai,Local Logic,,0.005,40.08
10_20250907213804.webm,10_20250907213804.webm_seg_2,N/A,N/A,0.64,assemblyai,Local Logic,,0.005,34.52
10_20250907214004.webm,10_20250907214004.webm_seg_1,N/A,N/A,0.73,assemblyai,Local Logic,,0.005,35.94
10_20250907214004.webm,10_20250907214004.webm_seg_2,N/A,N/A,1.34,assemblyai,Local Logic,,0.005,34.88
10_20250907214004.webm,10_20250907214004.webm_seg_3,N/A,N/A,1.79,assemblyai,Local Logic,,0.005,36.41
10_20250907214004.webm,10_20250907214004.webm_seg_4,N/A,N/A,0.35,assemblyai,Local Logic,,0.005,40.51
10_20250907214204.webm,10_20250907214204.webm_seg_1,N/A,N/A,0.70,assemblyai,Local Logic,,0.005,36.35
10_20250907214304.webm,10_20250907214304.webm_seg_1,N/A,N/A,0.92,assemblyai,Local Logic,,0.005,36.50
10_20250907214304.webm,10_20250907214304.webm_seg_2,N/A,N/A,1.69,assemblyai,Local Logic,,0.005,33.61
10_20250907214304.webm,10_20250907214304.webm_seg_3,N/A,N/A,1.37,assemblyai,Local Logic,,0.005,33.78
10_20250907214304.webm,10_20250907214304.webm_seg_4,N/A,N/A,0.89,assemblyai,Local Logic,,0.005,35.40
10_20250907214604.webm,10_20250907214604.webm_seg_1,N/A,N/A,1.37,assemblyai,Local Logic,,0.005,39.57
10_20250907214604.webm,10_20250907214604.webm_seg_2,N/A,N/A,0.83,assemblyai,Local Logic,,0.005,42.28
10_20250907214704.webm,10_20250907214704.webm_seg_1,N/A,N/A,1.08,assemblyai,Local Logic,,0.005,43.46
10_20250907214704.webm,10_20250907214704.webm_seg_2,N/A,N/A,0.76,assemblyai,Local Logic,,0.005,42.42
10_20250907214704.webm,10_20250907214704.webm_seg_3,N/A,N/A,1.08,assemblyai,Local Logic,,0.005,38.70
10_20250907214904.webm,10_20250907214904.webm_seg_1,N/A,N/A,2.20,assemblyai,Local Logic,,0.005,37.08
10_20250907215104.webm,10_20250907215104.webm_seg_1,N/A,N/A,1.21,assemblyai,Local Logic,,0.005,50.87
10_20250907215204.webm,10_20250907215204.webm_seg_1,N/A,N/A,0.73,assemblyai,Local Logic,,0.005,54.75
10_20250907215204.webm,10_20250907215204.webm_seg_2,N/A,N/A,0.35,assemblyai,Local Logic,,0.005,48.13
10_20250907215204.webm,10_20250907215204.webm_seg_3,N/A,N/A,0.38,assemblyai,Local Logic,,0.005,44.97
10_20250907215304.webm,10_20250907215304.webm_seg_1,N/A,N/A,0.35,assemblyai,Local Logic,,0.005,37.77
10_20250907215304.webm,10_20250907215304.webm_seg_2,N/A,N/A,1.34,assemblyai,Local Logic,,0.005,41.18
10_20250907215404.webm,10_20250907215404.webm_seg_1,N/A,N/A,2.14,assemblyai,Local Logic,,0.005,47.03
10_20250907215404.webm,10_20250907215404.webm_seg_2,N/A,N/A,3.29,assemblyai,Local Logic,,0.005,37.45
10_20250907215404.webm,10_20250907215404.webm_seg_3,N/A,N/A,0.35,assemblyai,Local Logic,,0.005,40.81
10_20250907215404.webm,10_20250907215404.webm_seg_4,N/A,N/A,0.41,assemblyai,Local Logic,,0.005,34.26
10_20250907215404.webm,10_20250907215404.webm_seg_5,N/A,N/A,1.34,assemblyai,Local Logic,,0.005,40.57
10_20250907215404.webm,10_20250907215404.webm_seg_6,N/A,N/A,1.05,assemblyai,Local Logic,,0.005,39.51
10_20250907215404.webm,10_20250907215404.webm_seg_7,N/A,N/A,1.37,assemblyai,Local Logic,,0.005,34.99
10_20250907215404.webm,10_20250907215404.webm_seg_8,N/A,N/A,0.64,assemblyai,Local Logic,,0.005,29.98
10_20250907215404.webm,10_20250907215404.webm_seg_9,N/A,N/A,1.21,assemblyai,Local Logic,,0.005,40.42
10_20250907215404.webm,10_20250907215404.webm_seg_10,N/A,N/A,1.15,assemblyai,Local Logic,,0.005,42.86
10_20250907215404.webm,10_20250907215404.webm_seg_11,N/A,N/A,0.48,assemblyai,Local Logic,,0.005,39.84
10_20250907215504.webm,10_20250907215504.webm_seg_1,N/A,N/A,1.24,assemblyai,Local Logic,,0.005,42.77
10_20250907215504.webm,10_20250907215504.webm_seg_2,N/A,N/A,3.29,assemblyai,Local Logic,,0.005,43.72
10_20250907215504.webm,10_20250907215504.webm_seg_3,N/A,N/A,2.27,assemblyai,Local Logic,,0.005,45.40
10_20250907215504.webm,10_20250907215504.webm_seg_4,N/A,N/A,2.08,assemblyai,Local Logic,,0.005,47.22
10_20250907215504.webm,10_20250907215504.webm_seg_5,N/A,N/A,1.05,assemblyai,Local Logic,,0.005,48.52
10_20250907215504.webm,10_20250907215504.webm_seg_6,N/A,N/A,3.90,assemblyai,Local Logic,,0.005,46.67
10_20250907215504.webm,10_20250907215504.webm_seg_7,N/A,N/A,2.59,assemblyai,Local Logic,,0.005,45.60
10_20250907215504.webm,10_20250907215504.webm_seg_8,N/A,N/A,2.91,assemblyai,Local Logic,,0.005,40.31
10_20250907215504.webm,10_20250907215504.webm_seg_9,N/A,N/A,1.60,assemblyai,Local Logic,,0.005,44.82
10_20250907215504.webm,10_20250907215504.webm_seg_10,N/A,N/A,1.15,assemblyai,Local Logic,,0.005,49.46
10_20250907215504.webm,10_20250907215504.webm_seg_11,N/A,N/A,0.48,assemblyai,Local Logic,,0.005,48.14
10_20250907215504.webm,10_20250907215504.webm_seg_12,N/A,N/A,3.52,assemblyai,Local Logic,,0.005,45.22
10_20250907215504.webm,10_20250907215504.webm_seg_13,N/A,N/A,0.57,assemblyai,Local Logic,,0.005,36.56
10_20250907215504.webm,10_20250907215504.webm_seg_14,N/A,N/A,0.44,assemblyai,Local Logic,,0.005,45.35
10_20250907215504.webm,10_20250907215504.webm_seg_15,N/A,N/A,0.67,assemblyai,Local Logic,,0.005,37.88
10_20250907215504.webm,10_20250907215504.webm_seg_16,N/A,N/A,0.48,assemblyai,Local Logic,,0.005,37.75
10_20250907215504.webm,10_20250907215504.webm_seg_17,N/A,N/A,1.24,assemblyai,Local Logic,,0.005,48.13
10_20250907215504.webm,10_20250907215504.webm_seg_18,N/A,N/A,1.08,assemblyai,Local Logic,,0.005,39.90
10_20250907215504.webm,10_20250907215504.webm_seg_19,N/A,N/A,0.80,assemblyai,Local Logic,,0.005,40.86
10_20250907215604.webm,10_20250907215604.webm_seg_1,N/A,N/A,0.76,assemblyai,Local Logic,,0.005,33.35
10_20250907215604.webm,10_20250907215604.webm_seg_2,N/A,N/A,0.54,assemblyai,Local Logic,,0.005,42.30
10_20250907215704.webm,10_20250907215704.webm_seg_1,N/A,N/A,0.86,assemblyai,Local Logic,,0.005,34.58
10_20250907215704.webm,10_20250907215704.webm_seg_2,N/A,N/A,2.62,assemblyai,Local Logic,,0.005,41.65
10_20250907215704.webm,10_20250907215704.webm_seg_3,N/A,N/A,0.32,assemblyai,Local Logic,,0.005,38.86
10_20250907215704.webm,10_20250907215704.webm_seg_4,N/A,N/A,1.79,assemblyai,Local Logic,,0.005,38.01
10_20250907215704.webm,10_20250907215704.webm_seg_5,N/A,N/A,1.37,assemblyai,Local Logic,,0.005,43.13
10_20250907215704.webm,10_20250907215704.webm_seg_6,N/A,N/A,1.88,assemblyai,Local Logic,,0.005,42.54
10_20250907215704.webm,10_20250907215704.webm_seg_7,N/A,N/A,3.13,assemblyai,Local Logic,,0.005,39.55
10_20250907215704.webm,10_20250907215704.webm_seg_8,N/A,N/A,1.24,assemblyai,Local Logic,,0.005,41.95
10_20250907215704.webm,10_20250907215704.webm_seg_9,N/A,N/A,0.44,assemblyai,Local Logic,,0.005,40.02
10_20250907215704.webm,10_20250907215704.webm_seg_10,N/A,N/A,0.57,assemblyai,Local Logic,,0.005,37.34
10_20250907215704.webm,10_20250907215704.webm_seg_11,N/A,N/A,0.51,assemblyai,Local Logic,,0.005,35.65
10_20250907215704.webm,10_20250907215704.webm_seg_12,N/A,N/A,1.18,assemblyai,Local Logic,,0.005,37.71
10_20250907215704.webm,10_20250907215704.webm_seg_13,N/A,N/A,0.35,assemblyai,Local Logic,,0.005,32.91
10_20250907215804.webm,10_20250907215804.webm_seg_1,N/A,N/A,0.35,assemblyai,Local Logic,,0.005,36.10
10_20250907215804.webm,10_20250907215804.webm_seg_2,N/A,N/A,0.67,assemblyai,Local Logic,,0.005,35.64
10_20250907215804.webm,10_20250907215804.webm_seg_3,N/A,N/A,0.83,assemblyai,Local Logic,,0.005,33.98
10_20250907215804.webm,10_20250907215804.webm_seg_4,N/A,N/A,1.05,assemblyai,Local Logic,,0.005,38.20
10_20250907215804.webm,10_20250907215804.webm_seg_5,N/A,N/A,3.77,assemblyai,Local Logic,,0.005,45.51
10_20250907215804.webm,10_20250907215804.webm_seg_6,N/A,N/A,1.15,assemblyai,Local Logic,,0.005,39.53
10_20250907215804.webm,10_20250907215804.webm_seg_7,N/A,N/A,0.38,assemblyai,Local Logic,,0.005,35.58
10_20250907215804.webm,10_20250907215804.webm_seg_8,N/A,N/A,0.32,assemblyai,Local Logic,,0.005,38.01
10_20250907215804.webm,10_20250907215804.webm_seg_9,N/A,N/A,1.72,assemblyai,Local Logic,,0.005,43.89
10_20250907215804.webm,10_20250907215804.webm_seg_10,N/A,N/A,0.89,assemblyai,Local Logic,,0.005,45.98
10_20250907220204.webm,10_20250907220204.webm_seg_1,N/A,N/A,0.80,assemblyai,Local Logic,,0.005,43.47
10_20250907220204.webm,10_20250907220204.webm_seg_2,N/A,N/A,0.86,assemblyai,Local Logic,,0.005,44.64
10_20250907220204.webm,10_20250907220204.webm_seg_3,N/A,N/A,0.99,assemblyai,Local Logic,,0.005,48.31
10_20250907220304.webm,10_20250907220304.webm_seg_1,N/A,N/A,0.89,assemblyai,Local Logic,,0.005,44.84
10_20250907220304.webm,10_20250907220304.webm_seg_2,N/A,N/A,0.41,assemblyai,Local Logic,,0.005,41.37
10_20250907220304.webm,10_20250907220304.webm_seg_3,N/A,N/A,1.37,assemblyai,Local Logic,,0.005,45.23
10_20250907220304.webm,10_20250907220304.webm_seg_4,N/A,N/A,1.34,assemblyai,Local Logic,,0.005,43.42
10_20250907220304.webm,10_20250907220304.webm_seg_5,N/A,N/A,1.05,assemblyai,Local Logic,,0.005,46.74
10_20250907220304.webm,10_20250907220304.webm_seg_6,N/A,N/A,0.32,assemblyai,Local Logic,,0.005,39.00
10_20250907220304.webm,10_20250907220304.webm_seg_7,N/A,N/A,1.24,assemblyai,Local Logic,,0.005,49.61
10_20250907220304.webm,10_20250907220304.webm_seg_8,N/A,N/A,1.15,assemblyai,Local Logic,,0.005,40.24
10_20250907220304.webm,10_20250907220304.webm_seg_9,N/A,N/A,1.02,assemblyai,Local Logic,,0.005,32.71
10_20250907220304.webm,10_20250907220304.webm_seg_10,N/A,N/A,0.35,assemblyai,Local Logic,,0.005,34.87
10_20250907220304.webm,10_20250907220304.webm_seg_11,N/A,N/A,2.11,assemblyai,Local Logic,,0.005,46.46
10_20250907220304.webm,10_20250907220304.webm_seg_12,N/A,N/A,0.76,assemblyai,Local Logic,,0.005,48.11
10_20250907220404.webm,10_20250907220404.webm_seg_1,N/A,N/A,1.08,assemblyai,Local Logic,,0.005,42.48
10_20250907220404.webm,10_20250907220404.webm_seg_2,N/A,N/A,1.37,assemblyai,Local Logic,,0.005,36.51
10_20250907220404.webm,10_20250907220404.webm_seg_3,N/A,N/A,0.32,assemblyai,Local Logic,,0.005,41.54
10_20250907220404.webm,10_20250907220404.webm_seg_4,N/A,N/A,2.78,assemblyai,Local Logic,,0.005,47.57
10_20250907220404.webm,10_20250907220404.webm_seg_5,N/A,N/A,1.21,assemblyai,Local Logic,,0.005,41.49
10_20250907220404.webm,10_20250907220404.webm_seg_6,N/A,N/A,1.85,assemblyai,Local Logic,,0.005,50.17
10_20250907220404.webm,10_20250907220404.webm_seg_7,N/A,N/A,0.92,assemblyai,Local Logic,,0.005,46.82
10_20250907220404.webm,10_20250907220404.webm_seg_8,N/A,N/A,0.57,assemblyai,Local Logic,,0.005,49.34
10_20250907220404.webm,10_20250907220404.webm_seg_9,N/A,N/A,2.49,assemblyai,Local Logic,,0.005,42.38
10_20250907220404.webm,10_20250907220404.webm_seg_10,N/A,N/A,0.48,assemblyai,Local Logic,,0.005,47.82
10_20250907220504.webm,10_20250907220504.webm_seg_1,N/A,N/A,0.60,assemblyai,Local Logic,,0.005,45.69
10_20250907220504.webm,10_20250907220504.webm_seg_2,N/A,N/A,0.80,assemblyai,Local Logic,,0.005,37.22
10_20250907220504.webm,10_20250907220504.webm_seg_3,N/A,N/A,0.48,assemblyai,Local Logic,,0.005,36.25
10_20250907220504.webm,10_20250907220504.webm_seg_4,N/A,N/A,0.60,assemblyai,Local Logic,,0.005,33.78
10_20250907220504.webm,10_20250907220504.webm_seg_5,N/A,N/A,1.08,assemblyai,Local Logic,,0.005,37.80
10_20250907220504.webm,10_20250907220504.webm_seg_6,N/A,N/A,1.28,assemblyai,Local Logic,,0.005,35.43
10_20250907220504.webm,10_20250907220504.webm_seg_7,N/A,N/A,0.86,assemblyai,Local Logic,,0.005,46.12
10_20250907220504.webm,10_20250907220504.webm_seg_8,N/A,N/A,0.92,assemblyai,Local Logic,,0.005,39.70
10_20250907220504.webm,10_20250907220504.webm_seg_9,N/A,N/A,0.51,assemblyai,Local Logic,,0.005,38.88
10_20250907220504.webm,10_20250907220504.webm_seg_10,N/A,N/A,0.83,assemblyai,Local Logic,,0.005,40.00
10_20250907220504.webm,10_20250907220504.webm_seg_11,N/A,N/A,1.34,assemblyai,Local Logic,,0.005,47.53
10_20250907220504.webm,10_20250907220504.webm_seg_12,N/A,N/A,0.99,assemblyai,Local Logic,,0.005,51.06
10_20250907220504.webm,10_20250907220504.webm_seg_13,N/A,N/A,1.21,assemblyai,Local Logic,,0.005,50.04
10_20250907220504.webm,10_20250907220504.webm_seg_14,N/A,N/A,1.50,assemblyai,Local Logic,,0.005,55.57
10_20250907220504.webm,10_20250907220504.webm_seg_15,N/A,N/A,0.32,assemblyai,Local Logic,,0.005,41.65
10_20250907220504.webm,10_20250907220504.webm_seg_16,N/A,N/A,0.96,assemblyai,Local Logic,,0.005,52.25
10_20250907220504.webm,10_20250907220504.webm_seg_17,N/A,N/A,0.38,assemblyai,Local Logic,,0.005,43.76
10_20250907220504.webm,10_20250907220504.webm_seg_18,N/A,N/A,0.41,assemblyai,Local Logic,,0.005,36.56
10_20250907220504.webm,10_20250907220504.webm_seg_19,N/A,N/A,0.89,assemblyai,Local Logic,,0.005,43.57
10_20250907220504.webm,10_20250907220504.webm_seg_20,N/A,N/A,0.92,assemblyai,Local Logic,,0.005,54.86
10_20250907220504.webm,10_20250907220504.webm_seg_21,N/A,N/A,0.96,assemblyai,Local Logic,,0.005,46.07
10_20250907220504.webm,10_20250907220504.webm_seg_22,N/A,N/A,1.76,assemblyai,Local Logic,,0.005,41.79
10_20250907220504.webm,10_20250907220504.webm_seg_23,N/A,N/A,1.63,assemblyai,Local Logic,,0.005,54.19
10_20250907220504.webm,10_20250907220504.webm_seg_24,N/A,N/A,0.35,assemblyai,Local Logic,,0.005,37.21
10_20250907220504.webm,10_20250907220504.webm_seg_25,N/A,N/A,1.28,assemblyai,Local Logic,,0.005,42.72
10_20250907220604.webm,10_20250907220604.webm_seg_1,N/A,N/A,3.90,assemblyai,Local Logic,,0.005,48.23
10_20250907220604.webm,10_20250907220604.webm_seg_2,N/A,N/A,1.21,assemblyai,Local Logic,,0.005,55.07
10_20250907220604.webm,10_20250907220604.webm_seg_3,N/A,N/A,3.00,assemblyai,Local Logic,,0.005,41.81
10_20250907220604.webm,10_20250907220604.webm_seg_4,N/A,N/A,1.56,assemblyai,Local Logic,,0.005,47.15
10_20250907220604.webm,10_20250907220604.webm_seg_5,N/A,N/A,2.27,assemblyai,Local Logic,,0.005,50.28
10_20250907220604.webm,10_20250907220604.webm_seg_6,N/A,N/A,3.16,assemblyai,Local Logic,,0.005,46.60
10_20250907220604.webm,10_20250907220604.webm_seg_7,N/A,N/A,0.38,assemblyai,Local Logic,,0.005,41.93
10_20250907220604.webm,10_20250907220604.webm_seg_8,N/A,N/A,3.52,assemblyai,Local Logic,,0.005,44.42
10_20250907220604.webm,10_20250907220604.webm_seg_9,N/A,N/A,1.24,assemblyai,Local Logic,,0.005,38.62
10_20250907220604.webm,10_20250907220604.webm_seg_10,N/A,N/A,1.08,assemblyai,Local Logic,,0.005,38.81
10_20250907220704.webm,10_20250907220704.webm_seg_1,N/A,N/A,2.14,assemblyai,Local Logic,,0.005,47.70
10_20250907220704.webm,10_20250907220704.webm_seg_2,N/A,N/A,0.35,assemblyai,Local Logic,,0.005,34.52
10_20250907220704.webm,10_20250907220704.webm_seg_3,N/A,N/A,0.44,assemblyai,Local Logic,,0.005,39.27
10_20250907220704.webm,10_20250907220704.webm_seg_4,N/A,N/A,0.35,assemblyai,Local Logic,,0.005,38.91
10_20250907220704.webm,10_20250907220704.webm_seg_5,N/A,N/A,0.64,assemblyai,Local Logic,,0.005,41.37
10_20250907220704.webm,10_20250907220704.webm_seg_6,N/A,N/A,0.67,assemblyai,Local Logic,,0.005,37.37
10_20250907220704.webm,10_20250907220704.webm_seg_7,N/A,N/A,2.52,assemblyai,Local Logic,,0.005,38.70
10_20250907220704.webm,10_20250907220704.webm_seg_8,N/A,N/A,0.41,assemblyai,Local Logic,,0.005,59.05
10_20250907220704.webm,10_20250907220704.webm_seg_9,N/A,N/A,1.50,assemblyai,Local Logic,,0.005,38.74
10_20250907220704.webm,10_20250907220704.webm_seg_10,N/A,N/A,0.60,assemblyai,Local Logic,,0.005,43.09
10_20250907220704.webm,10_20250907220704.webm_seg_11,N/A,N/A,0.38,assemblyai,Local Logic,,0.005,39.20
10_20250907220704.webm,10_20250907220704.webm_seg_12,N/A,N/A,0.38,assemblyai,Local Logic,,0.005,34.67
10_20250907220704.webm,10_20250907220704.webm_seg_13,N/A,N/A,0.60,assemblyai,Local Logic,,0.005,36.06
10_20250907220704.webm,10_20250907220704.webm_seg_14,N/A,N/A,0.80,assemblyai,Local Logic,,0.005,44.75
10_20250907220704.webm,10_20250907220704.webm_seg_15,N/A,N/A,2.01,assemblyai,Local Logic,,0.005,37.75
10_20250907220704.webm,10_20250907220704.webm_seg_16,N/A,N/A,1.28,assemblyai,Local Logic,,0.005,35.61
10_20250907220704.webm,10_20250907220704.webm_seg_17,N/A,N/A,1.12,assemblyai,Local Logic,,0.005,47.27
10_20250907220704.webm,10_20250907220704.webm_seg_18,N/A,N/A,0.89,assemblyai,Local Logic,,0.005,44.42
10_20250907220704.webm,10_20250907220704.webm_seg_19,N/A,N/A,0.38,assemblyai,Local Logic,,0.005,54.32
10_20250907220704.webm,10_20250907220704.webm_seg_20,N/A,N/A,1.88,assemblyai,Local Logic,,0.005,47.92
10_20250907220704.webm,10_20250907220704.webm_seg_21,N/A,N/A,0.35,assemblyai,Local Logic,,0.005,48.73
10_20250907220704.webm,10_20250907220704.webm_seg_22,N/A,N/A,0.48,assemblyai,Local Logic,,0.005,44.06
10_20250907220704.webm,10_20250907220704.webm_seg_23,N/A,N/A,0.57,assemblyai,Local Logic,,0.005,48.60
10_20250907220704.webm,10_20250907220704.webm_seg_24,N/A,N/A,0.86,assemblyai,Local Logic,,0.005,50.86
10_20250907220704.webm,10_20250907220704.webm_seg_25,N/A,N/A,3.58,assemblyai,Local Logic,,0.005,49.01
10_20250907220704.webm,10_20250907220704.webm_seg_26,N/A,N/A,1.02,assemblyai,Local Logic,,0.005,46.59
10_20250907220704.webm,10_20250907220704.webm_seg_27,N/A,N/A,0.60,assemblyai,Local Logic,,0.005,38.90
10_20250907220704.webm,10_20250907220704.webm_seg_28,N/A,N/A,0.67,assemblyai,Local Logic,,0.005,47.74
10_20250907220804.webm,10_20250907220804.webm_seg_1,N/A,N/A,0.35,assemblyai,Local Logic,,0.005,34.61
10_20250907220804.webm,10_20250907220804.webm_seg_2,N/A,N/A,0.51,assemblyai,Local Logic,,0.005,43.29
10_20250907220804.webm,10_20250907220804.webm_seg_3,N/A,N/A,0.92,assemblyai,Local Logic,,0.005,45.95
10_20250907220804.webm,10_20250907220804.webm_seg_4,N/A,N/A,1.88,assemblyai,Local Logic,,0.005,50.81
10_20250907220804.webm,10_20250907220804.webm_seg_5,N/A,N/A,0.51,assemblyai,Local Logic,,0.005,45.38
10_20250907220804.webm,10_20250907220804.webm_seg_6,N/A,N/A,1.24,assemblyai,Local Logic,,0.005,50.91
10_20250907220804.webm,10_20250907220804.webm_seg_7,N/A,N/A,0.54,assemblyai,Local Logic,,0.005,54.00
10_20250907220804.webm,10_20250907220804.webm_seg_8,N/A,N/A,0.92,assemblyai,Local Logic,,0.005,53.50
10_20250907220804.webm,10_20250907220804.webm_seg_9,N/A,N/A,1.53,assemblyai,Local Logic,,0.005,47.91
10_20250907220804.webm,10_20250907220804.webm_seg_10,N/A,N/A,0.44,assemblyai,Local Logic,,0.005,41.82
10_20250907220804.webm,10_20250907220804.webm_seg_11,N/A,N/A,1.05,assemblyai,Local Logic,,0.005,46.19
10_20250907220804.webm,10_20250907220804.webm_seg_12,N/A,N/A,1.82,assemblyai,Local Logic,,0.005,49.53
10_20250907220804.webm,10_20250907220804.webm_seg_13,N/A,N/A,1.56,assemblyai,Local Logic,,0.005,43.17
10_20250907220804.webm,10_20250907220804.webm_seg_14,N/A,N/A,0.32,assemblyai,Local Logic,,0.005,51.48
10_20250907220804.webm,10_20250907220804.webm_seg_15,N/A,N/A,1.85,assemblyai,Local Logic,,0.005,49.17
10_20250907220804.webm,10_20250907220804.webm_seg_16,N/A,N/A,1.12,assemblyai,Local Logic,,0.005,54.72
10_20250907220804.webm,10_20250907220804.webm_seg_17,N/A,N/A,1.21,assemblyai,Local Logic,,0.005,46.15
10_20250907220804.webm,10_20250907220804.webm_seg_18,N/A,N/A,3.04,assemblyai,Local Logic,,0.005,46.30
10_20250907220804.webm,10_20250907220804.webm_seg_19,N/A,N/A,1.12,assemblyai,Local Logic,,0.005,33.42
10_20250907220904.webm,10_20250907220904.webm_seg_1,N/A,N/A,1.50,assemblyai,Local Logic,,0.005,46.97
10_20250907220904.webm,10_20250907220904.webm_seg_2,N/A,N/A,0.41,assemblyai,Local Logic,,0.005,47.66
10_20250907220904.webm,10_20250907220904.webm_seg_3,N/A,N/A,0.41,assemblyai,Local Logic,,0.005,40.64
10_20250907220904.webm,10_20250907220904.webm_seg_4,N/A,N/A,0.73,assemblyai,Local Logic,,0.005,46.81
10_20250907220904.webm,10_20250907220904.webm_seg_5,N/A,N/A,0.51,assemblyai,Local Logic,,0.005,41.36
10_20250907220904.webm,10_20250907220904.webm_seg_6,N/A,N/A,0.48,assemblyai,Local Logic,,0.005,39.40
10_20250907220904.webm,10_20250907220904.webm_seg_7,N/A,N/A,0.32,assemblyai,Local Logic,,0.005,38.50
10_20250907220904.webm,10_20250907220904.webm_seg_8,N/A,N/A,0.83,assemblyai,Local Logic,,0.005,38.33
10_20250907220904.webm,10_20250907220904.webm_seg_9,N/A,N/A,0.54,assemblyai,Local Logic,,0.005,31.82
10_20250907220904.webm,10_20250907220904.webm_seg_10,N/A,N/A,0.73,assemblyai,Local Logic,,0.005,33.05
10_20250907220904.webm,10_20250907220904.webm_seg_11,N/A,N/A,0.92,assemblyai,Local Logic,,0.005,34.09
10_20250907220904.webm,10_20250907220904.webm_seg_12,N/A,N/A,1.88,assemblyai,Local Logic,,0.005,48.46
10_20250907221004.webm,10_20250907221004.webm_seg_1,N/A,N/A,0.41,assemblyai,Local Logic,,0.005,59.44
10_20250907221004.webm,10_20250907221004.webm_seg_2,N/A,N/A,0.38,assemblyai,Local Logic,,0.005,31.87
10_20250907221004.webm,10_20250907221004.webm_seg_3,N/A,N/A,0.92,assemblyai,Local Logic,,0.005,51.02
10_20250907221004.webm,10_20250907221004.webm_seg_4,N/A,N/A,2.78,assemblyai,Local Logic,,0.005,47.33
10_20250907221004.webm,10_20250907221004.webm_seg_5,N/A,N/A,1.50,assemblyai,Local Logic,,0.005,42.70
10_20250907221004.webm,10_20250907221004.webm_seg_6,N/A,N/A,1.08,assemblyai,Local Logic,,0.005,40.25
10_20250907221004.webm,10_20250907221004.webm_seg_7,N/A,N/A,0.38,assemblyai,Local Logic,,0.005,32.57
10_20250907221004.webm,10_20250907221004.webm_seg_8,N/A,N/A,0.73,assemblyai,Local Logic,,0.005,35.80
10_20250907221004.webm,10_20250907221004.webm_seg_9,N/A,N/A,0.48,assemblyai,Local Logic,,0.005,49.88
10_20250907221104.webm,10_20250907221104.webm_seg_1,N/A,N/A,1.05,assemblyai,Local Logic,,0.005,41.89
10_20250907221104.webm,10_20250907221104.webm_seg_2,N/A,N/A,3.55,assemblyai,Local Logic,,0.005,39.24
10_20250907221104.webm,10_20250907221104.webm_seg_3,N/A,N/A,1.88,assemblyai,Local Logic,,0.005,39.99
10_20250907221104.webm,10_20250907221104.webm_seg_4,N/A,N/A,0.57,assemblyai,Local Logic,,0.005,42.50
10_20250907221104.webm,10_20250907221104.webm_seg_5,N/A,N/A,2.14,assemblyai,Local Logic,,0.005,41.89
10_20250907221104.webm,10_20250907221104.webm_seg_6,N/A,N/A,0.60,assemblyai,Local Logic,,0.005,34.45
10_20250907221104.webm,10_20250907221104.webm_seg_7,N/A,N/A,2.30,assemblyai,Local Logic,,0.005,49.12
10_20250907221104.webm,10_20250907221104.webm_seg_8,N/A,N/A,1.69,assemblyai,Local Logic,,0.005,43.26
10_20250907221104.webm,10_20250907221104.webm_seg_9,N/A,N/A,1.56,assemblyai,Local Logic,,0.005,40.95
10_20250907221104.webm,10_20250907221104.webm_seg_10,N/A,N/A,1.05,assemblyai,Local Logic,,0.005,47.54
10_20250907221104.webm,10_20250907221104.webm_seg_11,N/A,N/A,0.64,assemblyai,Local Logic,,0.005,48.44
10_20250907221104.webm,10_20250907221104.webm_seg_12,N/A,N/A,0.64,assemblyai,Local Logic,,0.005,43.89
10_20250907221204.webm,10_20250907221204.webm_seg_1,N/A,N/A,0.76,assemblyai,Local Logic,,0.005,49.32
10_20250907221204.webm,10_20250907221204.webm_seg_2,N/A,N/A,1.34,assemblyai,Local Logic,,0.005,46.98
10_20250907221204.webm,10_20250907221204.webm_seg_3,N/A,N/A,2.27,assemblyai,Local Logic,,0.005,43.79
10_20250907221604.webm,10_20250907221604.webm_seg_1,N/A,N/A,0.99,assemblyai,Local Logic,,0.005,45.92
10_20250907221604.webm,10_20250907221604.webm_seg_2,N/A,N/A,0.54,assemblyai,Local Logic,,0.005,39.27
10_20250907221604.webm,10_20250907221604.webm_seg_3,N/A,N/A,0.35,assemblyai,Local Logic,,0.005,32.39
10_20250907221704.webm,10_20250907221704.webm_seg_1,N/A,N/A,0.38,assemblyai,Local Logic,,0.005,37.13
10_20250907221704.webm,10_20250907221704.webm_seg_2,N/A,N/A,0.83,assemblyai,Local Logic,,0.005,44.84
10_20250907221704.webm,10_20250907221704.webm_seg_3,N/A,N/A,0.38,assemblyai,Local Logic,,0.005,34.46
10_20250907221704.webm,10_20250907221704.webm_seg_4,N/A,N/A,2.97,assemblyai,Local Logic,,0.005,43.53
10_20250907221704.webm,10_20250907221704.webm_seg_5,N/A,N/A,1.92,assemblyai,Local Logic,,0.005,43.17
10_20250907221704.webm,10_20250907221704.webm_seg_6,N/A,N/A,0.83,assemblyai,Local Logic,,0.005,42.55
10_20250907221704.webm,10_20250907221704.webm_seg_7,N/A,N/A,1.79,assemblyai,Local Logic,,0.005,36.56
10_20250907221704.webm,10_20250907221704.webm_seg_8,N/A,N/A,0.32,assemblyai,Local Logic,,0.005,36.50
10_20250907221704.webm,10_20250907221704.webm_seg_9,N/A,N/A,0.83,assemblyai,Local Logic,,0.005,43.55
10_20250907221704.webm,10_20250907221704.webm_seg_10,N/A,N/A,1.05,assemblyai,Local Logic,,0.005,43.18
10_20250907221704.webm,10_20250907221704.webm_seg_11,N/A,N/A,1.50,assemblyai,Local Logic,,0.005,43.78
10_20250907221704.webm,10_20250907221704.webm_seg_12,N/A,N/A,0.32,assemblyai,Local Logic,,0.005,32.22
10_20250907221704.webm,10_20250907221704.webm_seg_13,N/A,N/A,1.40,assemblyai,Local Logic,,0.005,38.54
10_20250907221904.webm,10_20250907221904.webm_seg_1,N/A,N/A,1.24,assemblyai,Local Logic,,0.005,46.31
10_20250907221904.webm,10_20250907221904.webm_seg_2,N/A,N/A,1.02,assemblyai,Local Logic,,0.005,34.53
10_20250907221904.webm,10_20250907221904.webm_seg_3,N/A,N/A,0.86,assemblyai,Local Logic,,0.005,49.90
10_20250907221904.webm,10_20250907221904.webm_seg_4,N/A,N/A,0.64,assemblyai,Local Logic,,0.005,40.87
10_20250907222004.webm,10_20250907222004.webm_seg_1,N/A,N/A,1.02,assemblyai,Local Logic,,0.005,39.41
10_20250907222004.webm,10_20250907222004.webm_seg_2,N/A,N/A,1.05,assemblyai,Local Logic,,0.005,43.89
10_20250907222004.webm,10_20250907222004.webm_seg_3,N/A,N/A,0.64,assemblyai,Local Logic,,0.005,34.34
10_20250907222104.webm,10_20250907222104.webm_seg_1,N/A,N/A,1.76,assemblyai,Local Logic,,0.005,35.79
10_20250907222204.webm,10_20250907222204.webm_seg_1,N/A,N/A,0.57,assemblyai,Local Logic,,0.005,51.67
10_20250907222204.webm,10_20250907222204.webm_seg_2,N/A,N/A,0.51,assemblyai,Local Logic,,0.005,52.92
10_20250907222304.webm,10_20250907222304.webm_seg_1,N/A,N/A,1.47,assemblyai,Local Logic,,0.005,47.08
10_20250907222304.webm,10_20250907222304.webm_seg_2,N/A,N/A,1.15,assemblyai,Local Logic,,0.005,46.51
10_20250907222504.webm,10_20250907222504.webm_seg_1,N/A,N/A,1.12,assemblyai,Local Logic,,0.005,41.11
10_20250907222604.webm,10_20250907222604.webm_seg_1,N/A,N/A,1.69,assemblyai,Local Logic,,0.005,37.01
10_20250907222604.webm,10_20250907222604.webm_seg_2,N/A,N/A,0.64,assemblyai,Local Logic,,0.005,34.61
10_20250907222704.webm,10_20250907222704.webm_seg_1,N/A,N/A,2.01,assemblyai,Local Logic,,0.005,40.87
10_20250907222704.webm,10_20250907222704.webm_seg_2,N/A,N/A,0.67,assemblyai,Local Logic,,0.005,44.12
10_20250907222704.webm,10_20250907222704.webm_seg_3,N/A,N/A,1.56,assemblyai,Local Logic,,0.005,44.63
10_20250907222704.webm,10_20250907222704.webm_seg_4,N/A,N/A,0.35,assemblyai,Local Logic,,0.005,33.29
10_20250907222804.webm,10_20250907222804.webm_seg_1,N/A,N/A,1.92,assemblyai,Local Logic,,0.005,40.22
10_20250907222804.webm,10_20250907222804.webm_seg_2,N/A,N/A,0.41,assemblyai,Local Logic,,0.005,31.86
10_20250907222804.webm,10_20250907222804.webm_seg_3,N/A,N/A,1.02,assemblyai,Local Logic,,0.005,43.21
10_20250907222904.webm,10_20250907222904.webm_seg_1,N/A,N/A,1.18,assemblyai,Local Logic,,0.005,42.04
10_20250907222904.webm,10_20250907222904.webm_seg_2,N/A,N/A,1.40,assemblyai,Local Logic,,0.005,45.61
10_20250907222904.webm,10_20250907222904.webm_seg_3,N/A,N/A,1.66,assemblyai,Local Logic,,0.005,39.77
10_20250907222904.webm,10_20250907222904.webm_seg_4,N/A,N/A,0.48,assemblyai,Local Logic,,0.005,44.46
10_20250907223004.webm,10_20250907223004.webm_seg_1,N/A,N/A,1.40,assemblyai,Local Logic,,0.005,39.74
10_20250907223004.webm,10_20250907223004.webm_seg_2,N/A,N/A,1.56,assemblyai,Local Logic,,0.005,35.19
10_20250907223004.webm,10_20250907223004.webm_seg_3,N/A,N/A,1.44,assemblyai,Local Logic,,0.005,44.97
10_20250907223104.webm,10_20250907223104.webm_seg_1,N/A,N/A,0.67,assemblyai,Local Logic,,0.005,46.68
10_20250907223204.webm,10_20250907223204.webm_seg_1,N/A,N/A,4.44,assemblyai,Local Logic,,0.005,36.86
10_20250907223204.webm,10_20250907223204.webm_seg_2,N/A,N/A,0.76,assemblyai,Local Logic,,0.005,43.03
10_20250907223304.webm,10_20250907223304.webm_seg_1,N/A,N/A,4.60,assemblyai,Local Logic,,0.005,47.86
10_20250907223304.webm,10_20250907223304.webm_seg_2,N/A,N/A,1.18,assemblyai,Local Logic,,0.005,37.03
10_20250907223304.webm,10_20250907223304.webm_seg_3,N/A,N/A,0.32,assemblyai,Local Logic,,0.005,33.02
10_20250907223304.webm,10_20250907223304.webm_seg_4,N/A,N/A,2.11,assemblyai,Local Logic,,0.005,42.97
10_20250907223304.webm,10_20250907223304.webm_seg_5,N/A,N/A,0.92,assemblyai,Local Logic,,0.005,44.26
10_20250907223304.webm,10_20250907223304.webm_seg_6,N/A,N/A,0.35,assemblyai,Local Logic,,0.005,38.44
10_20250907223304.webm,10_20250907223304.webm_seg_7,N/A,N/A,1.28,assemblyai,Local Logic,,0.005,48.10
10_20250907223304.webm,10_20250907223304.webm_seg_8,N/A,N/A,0.41,assemblyai,Local Logic,,0.005,38.88
10_20250907223304.webm,10_20250907223304.webm_seg_9,N/A,N/A,1.34,assemblyai,Local Logic,,0.005,45.27
10_20250907223304.webm,10_20250907223304.webm_seg_10,N/A,N/A,1.08,assemblyai,Local Logic,,0.005,43.88
10_20250907223304.webm,10_20250907223304.webm_seg_11,N/A,N/A,1.34,assemblyai,Local Logic,,0.005,43.67
10_20250907223504.webm,10_20250907223504.webm_seg_1,N/A,N/A,1.21,assemblyai,Local Logic,,0.005,40.76
10_20250907223504.webm,10_20250907223504.webm_seg_2,N/A,N/A,0.70,assemblyai,Local Logic,,0.005,39.12
10_20250907223504.webm,10_20250907223504.webm_seg_3,N/A,N/A,0.38,assemblyai,Local Logic,,0.005,38.94
10_20250907223604.webm,10_20250907223604.webm_seg_1,N/A,N/A,0.70,assemblyai,Local Logic,,0.005,38.29
10_20250907223604.webm,10_20250907223604.webm_seg_2,N/A,N/A,0.44,assemblyai,Local Logic,,0.005,39.28
10_20250907223704.webm,10_20250907223704.webm_seg_1,N/A,N/A,0.99,assemblyai,Local Logic,,0.005,34.40
10_20250907223704.webm,10_20250907223704.webm_seg_2,N/A,N/A,0.41,assemblyai,Local Logic,,0.005,42.62
10_20250907223704.webm,10_20250907223704.webm_seg_3,N/A,N/A,1.50,assemblyai,Local Logic,,0.005,43.65
10_20250907223704.webm,10_20250907223704.webm_seg_4,N/A,N/A,0.57,assemblyai,Local Logic,,0.005,40.98
10_20250907223704.webm,10_20250907223704.webm_seg_5,N/A,N/A,0.35,assemblyai,Local Logic,,0.005,47.38
10_20250907223704.webm,10_20250907223704.webm_seg_6,N/A,N/A,1.34,assemblyai,Local Logic,,0.005,45.27
10_20250907223704.webm,10_20250907223704.webm_seg_7,N/A,N/A,1.44,assemblyai,Local Logic,,0.005,40.00
10_20250907223704.webm,10_20250907223704.webm_seg_8,N/A,N/A,3.64,assemblyai,Local Logic,,0.005,39.55
10_20250907223704.webm,10_20250907223704.webm_seg_9,N/A,N/A,0.60,assemblyai,Local Logic,,0.005,48.83
10_20250907223804.webm,10_20250907223804.webm_seg_1,N/A,N/A,0.89,assemblyai,Local Logic,,0.005,41.38
10_20250907223804.webm,10_20250907223804.webm_seg_2,N/A,N/A,0.73,assemblyai,Local Logic,,0.005,46.40
10_20250907223904.webm,10_20250907223904.webm_seg_1,N/A,N/A,0.48,assemblyai,Local Logic,,0.005,45.44
10_20250907223904.webm,10_20250907223904.webm_seg_2,N/A,N/A,0.48,assemblyai,Local Logic,,0.005,41.91
10_20250907223904.webm,10_20250907223904.webm_seg_3,N/A,N/A,0.80,assemblyai,Local Logic,,0.005,41.71
10_20250907223904.webm,10_20250907223904.webm_seg_4,N/A,N/A,2.91,assemblyai,Local Logic,,0.005,43.93
10_20250907223904.webm,10_20250907223904.webm_seg_5,N/A,N/A,0.92,assemblyai,Local Logic,,0.005,46.14
10_20250907223904.webm,10_20250907223904.webm_seg_6,N/A,N/A,3.36,assemblyai,Local Logic,,0.005,46.54
10_20250907223904.webm,10_20250907223904.webm_seg_7,N/A,N/A,0.96,assemblyai,Local Logic,,0.005,49.51
10_20250907223904.webm,10_20250907223904.webm_seg_8,N/A,N/A,1.76,assemblyai,Local Logic,,0.005,40.67
10_20250907223904.webm,10_20250907223904.webm_seg_9,N/A,N/A,1.69,assemblyai,Local Logic,,0.005,48.22
10_20250907223904.webm,10_20250907223904.webm_seg_10,N/A,N/A,0.92,assemblyai,Local Logic,,0.005,36.98
10_20250907223904.webm,10_20250907223904.webm_seg_11,N/A,N/A,1.15,assemblyai,Local Logic,,0.005,46.38
10_20250907223904.webm,10_20250907223904.webm_seg_12,N/A,N/A,0.35,assemblyai,Local Logic,,0.005,31.06
10_20250907223904.webm,10_20250907223904.webm_seg_13,N/A,N/A,3.52,assemblyai,Local Logic,,0.005,45.81
10_20250907223904.webm,10_20250907223904.webm_seg_14,N/A,N/A,2.04,assemblyai,Local Logic,,0.005,41.10
10_20250907223904.webm,10_20250907223904.webm_seg_15,N/A,N/A,1.12,assemblyai,Local Logic,,0.005,37.82
10_20250907223904.webm,10_20250907223904.webm_seg_16,N/A,N/A,0.38,assemblyai,Local Logic,,0.005,42.22
10_20250907223904.webm,10_20250907223904.webm_seg_17,N/A,N/A,0.38,assemblyai,Local Logic,,0.005,38.26
10_20250907223904.webm,10_20250907223904.webm_seg_18,N/A,N/A,0.38,assemblyai,Local Logic,,0.005,35.39
10_20250907224004.webm,10_20250907224004.webm_seg_1,N/A,N/A,2.24,assemblyai,Local Logic,,0.005,36.73
10_20250907224004.webm,10_20250907224004.webm_seg_2,N/A,N/A,0.51,assemblyai,Local Logic,,0.005,30.46
10_20250907224004.webm,10_20250907224004.webm_seg_3,N/A,N/A,0.76,assemblyai,Local Logic,,0.005,31.50
10_20250907224004.webm,10_20250907224004.webm_seg_4,N/A,N/A,0.64,assemblyai,Local Logic,,0.005,42.49
10_20250907224004.webm,10_20250907224004.webm_seg_5,N/A,N/A,0.38,assemblyai,Local Logic,,0.005,48.59
10_20250907224004.webm,10_20250907224004.webm_seg_6,N/A,N/A,2.17,assemblyai,Local Logic,,0.005,40.86
10_20250907224004.webm,10_20250907224004.webm_seg_7,N/A,N/A,0.96,assemblyai,Local Logic,,0.005,45.24
10_20250907224004.webm,10_20250907224004.webm_seg_8,N/A,N/A,1.31,assemblyai,Local Logic,,0.005,49.26
10_20250907224004.webm,10_20250907224004.webm_seg_9,N/A,N/A,0.92,assemblyai,Local Logic,,0.005,45.46
10_20250907224004.webm,10_20250907224004.webm_seg_10,N/A,N/A,0.48,assemblyai,Local Logic,,0.005,36.96
10_20250907224004.webm,10_20250907224004.webm_seg_11,N/A,N/A,0.76,assemblyai,Local Logic,,0.005,44.97
10_20250907224004.webm,10_20250907224004.webm_seg_12,N/A,N/A,0.51,assemblyai,Local Logic,,0.005,42.50
10_20250907224004.webm,10_20250907224004.webm_seg_13,N/A,N/A,0.76,assemblyai,Local Logic,,0.005,42.07
10_20250907224004.webm,10_20250907224004.webm_seg_14,N/A,N/A,3.23,assemblyai,Local Logic,,0.005,41.69
10_20250907224004.webm,10_20250907224004.webm_seg_15,N/A,N/A,2.56,assemblyai,Local Logic,,0.005,36.05
10_20250907224104.webm,10_20250907224104.webm_seg_1,N/A,N/A,2.01,assemblyai,Local Logic,,0.005,43.76
10_20250907224104.webm,10_20250907224104.webm_seg_2,N/A,N/A,1.28,assemblyai,Local Logic,,0.005,44.31
10_20250907224104.webm,10_20250907224104.webm_seg_3,N/A,N/A,0.73,assemblyai,Local Logic,,0.005,34.97
10_20250907224104.webm,10_20250907224104.webm_seg_4,N/A,N/A,0.41,assemblyai,Local Logic,,0.005,48.28
10_20250907224104.webm,10_20250907224104.webm_seg_5,N/A,N/A,0.89,assemblyai,Local Logic,,0.005,42.22
10_20250907224104.webm,10_20250907224104.webm_seg_6,N/A,N/A,0.99,assemblyai,Local Logic,,0.005,43.26
10_20250907224104.webm,10_20250907224104.webm_seg_7,N/A,N/A,0.44,assemblyai,Local Logic,,0.005,26.27
10_20250907224104.webm,10_20250907224104.webm_seg_8,N/A,N/A,0.32,assemblyai,Local Logic,,0.005,40.07
10_20250907224204.webm,10_20250907224204.webm_seg_1,N/A,N/A,3.45,assemblyai,Local Logic,,0.005,41.36
10_20250907224204.webm,10_20250907224204.webm_seg_2,N/A,N/A,0.89,assemblyai,Local Logic,,0.005,45.66
10_20250907224204.webm,10_20250907224204.webm_seg_3,N/A,N/A,0.54,assemblyai,Local Logic,,0.005,48.42
10_20250907224204.webm,10_20250907224204.webm_seg_4,N/A,N/A,1.69,assemblyai,Local Logic,,0.005,46.96
10_20250907224204.webm,10_20250907224204.webm_seg_5,N/A,N/A,0.67,assemblyai,Local Logic,,0.005,34.97
10_20250907224204.webm,10_20250907224204.webm_seg_6,N/A,N/A,0.32,assemblyai,Local Logic,,0.005,34.22
10_20250907224204.webm,10_20250907224204.webm_seg_7,N/A,N/A,1.34,assemblyai,Local Logic,,0.005,48.21
10_20250907224204.webm,10_20250907224204.webm_seg_8,N/A,N/A,1.08,assemblyai,Local Logic,,0.005,43.21
10_20250907224204.webm,10_20250907224204.webm_seg_9,N/A,N/A,1.08,assemblyai,Local Logic,,0.005,37.91
10_20250907224204.webm,10_20250907224204.webm_seg_10,N/A,N/A,1.53,assemblyai,Local Logic,,0.005,46.83
10_20250907224204.webm,10_20250907224204.webm_seg_11,N/A,N/A,0.76,assemblyai,Local Logic,,0.005,45.43
10_20250907224204.webm,10_20250907224204.webm_seg_12,N/A,N/A,0.60,assemblyai,Local Logic,,0.005,37.55
10_20250907224204.webm,10_20250907224204.webm_seg_13,N/A,N/A,0.73,assemblyai,Local Logic,,0.005,36.18
10_20250907224204.webm,10_20250907224204.webm_seg_14,N/A,N/A,1.05,assemblyai,Local Logic,,0.005,42.60
10_20250907224204.webm,10_20250907224204.webm_seg_15,N/A,N/A,0.54,assemblyai,Local Logic,,0.005,46.38
10_20250907224204.webm,10_20250907224204.webm_seg_16,N/A,N/A,0.51,assemblyai,Local Logic,,0.005,38.06
10_20250907224204.webm,10_20250907224204.webm_seg_17,N/A,N/A,2.68,assemblyai,Local Logic,,0.005,44.31
10_20250907224204.webm,10_20250907224204.webm_seg_18,N/A,N/A,0.54,assemblyai,Local Logic,,0.005,42.36
10_20250907224204.webm,10_20250907224204.webm_seg_19,N/A,N/A,0.51,assemblyai,Local Logic,,0.005,39.72
10_20250907224204.webm,10_20250907224204.webm_seg_20,N/A,N/A,1.69,assemblyai,Local Logic,,0.005,42.65
10_20250907224304.webm,10_20250907224304.webm_seg_1,N/A,N/A,4.70,assemblyai,Local Logic,,0.005,45.52
10_20250907224304.webm,10_20250907224304.webm_seg_2,N/A,N/A,1.76,assemblyai,Local Logic,,0.005,45.71
10_20250907224304.webm,10_20250907224304.webm_seg_3,N/A,N/A,0.44,assemblyai,Local Logic,,0.005,30.63
10_20250907224304.webm,10_20250907224304.webm_seg_4,N/A,N/A,2.04,assemblyai,Local Logic,,0.005,44.03
10_20250907224304.webm,10_20250907224304.webm_seg_5,N/A,N/A,0.35,assemblyai,Local Logic,,0.005,41.87
10_20250907224304.webm,10_20250907224304.webm_seg_6,N/A,N/A,0.73,assemblyai,Local Logic,,0.005,35.90
10_20250907224304.webm,10_20250907224304.webm_seg_7,N/A,N/A,0.44,assemblyai,Local Logic,,0.005,42.72
10_20250907224404.webm,10_20250907224404.webm_seg_1,N/A,N/A,0.80,assemblyai,Local Logic,,0.005,47.56
10_20250907224404.webm,10_20250907224404.webm_seg_2,N/A,N/A,0.41,assemblyai,Local Logic,,0.005,43.60
10_20250907224404.webm,10_20250907224404.webm_seg_3,N/A,N/A,1.05,assemblyai,Local Logic,,0.005,47.18
10_20250907224404.webm,10_20250907224404.webm_seg_4,N/A,N/A,0.89,assemblyai,Local Logic,,0.005,47.53
10_20250907224404.webm,10_20250907224404.webm_seg_5,N/A,N/A,0.54,assemblyai,Local Logic,,0.005,47.65
10_20250907224404.webm,10_20250907224404.webm_seg_6,N/A,N/A,1.31,assemblyai,Local Logic,,0.005,34.43
10_20250907224404.webm,10_20250907224404.webm_seg_7,N/A,N/A,2.46,assemblyai,Local Logic,,0.005,40.64
10_20250907224404.webm,10_20250907224404.webm_seg_8,N/A,N/A,1.50,assemblyai,Local Logic,,0.005,40.41
10_20250907224404.webm,10_20250907224404.webm_seg_9,N/A,N/A,1.53,assemblyai,Local Logic,,0.005,41.58
10_20250907224404.webm,10_20250907224404.webm_seg_10,N/A,N/A,1.88,assemblyai,Local Logic,,0.005,56.23
10_20250907224404.webm,10_20250907224404.webm_seg_11,N/A,N/A,0.54,assemblyai,Local Logic,,0.005,41.25
10_20250907224404.webm,10_20250907224404.webm_seg_12,N/A,N/A,0.51,assemblyai,Local Logic,,0.005,41.57
10_20250907224404.webm,10_20250907224404.webm_seg_13,N/A,N/A,1.12,assemblyai,Local Logic,,0.005,45.74
10_20250907224404.webm,10_20250907224404.webm_seg_14,N/A,N/A,0.51,assemblyai,Local Logic,,0.005,44.42
10_20250907224504.webm,10_20250907224504.webm_seg_1,N/A,N/A,2.72,assemblyai,Local Logic,,0.005,42.91
10_20250907224504.webm,10_20250907224504.webm_seg_2,N/A,N/A,0.76,assemblyai,Local Logic,,0.005,45.88
10_20250907224504.webm,10_20250907224504.webm_seg_3,N/A,N/A,0.60,assemblyai,Local Logic,,0.005,44.06
10_20250907224504.webm,10_20250907224504.webm_seg_4,N/A,N/A,0.51,assemblyai,Local Logic,,0.005,47.10
10_20250907224504.webm,10_20250907224504.webm_seg_5,N/A,N/A,2.27,assemblyai,Local Logic,,0.005,44.26
10_20250907224504.webm,10_20250907224504.webm_seg_6,N/A,N/A,1.08,assemblyai,Local Logic,,0.005,37.99
10_20250907224504.webm,10_20250907224504.webm_seg_7,N/A,N/A,2.65,assemblyai,Local Logic,,0.005,44.22
10_20250907224504.webm,10_20250907224504.webm_seg_8,N/A,N/A,4.89,assemblyai,Local Logic,,0.005,50.42
10_20250907224504.webm,10_20250907224504.webm_seg_9,N/A,N/A,0.48,assemblyai,Local Logic,,0.005,46.94
10_20250907224504.webm,10_20250907224504.webm_seg_10,N/A,N/A,2.27,assemblyai,Local Logic,,0.005,49.61
10_20250907224504.webm,10_20250907224504.webm_seg_11,N/A,N/A,0.54,assemblyai,Local Logic,,0.005,37.89
10_20250907224504.webm,10_20250907224504.webm_seg_12,N/A,N/A,1.82,assemblyai,Local Logic,,0.005,41.10
10_20250907224504.webm,10_20250907224504.webm_seg_13,N/A,N/A,1.63,assemblyai,Local Logic,,0.005,44.86
10_20250907224504.webm,10_20250907224504.webm_seg_14,N/A,N/A,2.43,assemblyai,Local Logic,,0.005,40.18
10_20250907224504.webm,10_20250907224504.webm_seg_15,N/A,N/A,0.51,assemblyai,Local Logic,,0.005,45.71
10_20250907224504.webm,10_20250907224504.webm_seg_16,N/A,N/A,0.41,assemblyai,Local Logic,,0.005,33.21
10_20250907224604.webm,10_20250907224604.webm_seg_1,N/A,N/A,1.66,assemblyai,Local Logic,,0.005,51.33
10_20250907224604.webm,10_20250907224604.webm_seg_2,N/A,N/A,1.18,assemblyai,Local Logic,,0.005,43.82
10_20250907224604.webm,10_20250907224604.webm_seg_3,N/A,N/A,3.20,assemblyai,Local Logic,,0.005,47.17
10_20250907224604.webm,10_20250907224604.webm_seg_4,N/A,N/A,1.12,assemblyai,Local Logic,,0.005,46.09
10_20250907224604.webm,10_20250907224604.webm_seg_5,N/A,N/A,0.73,assemblyai,Local Logic,,0.005,35.51
10_20250907224604.webm,10_20250907224604.webm_seg_6,N/A,N/A,0.44,assemblyai,Local Logic,,0.005,36.22
10_20250907224604.webm,10_20250907224604.webm_seg_7,N/A,N/A,2.62,assemblyai,Local Logic,,0.005,45.34
10_20250907224604.webm,10_20250907224604.webm_seg_8,N/A,N/A,0.32,assemblyai,Local Logic,,0.005,44.56
10_20250907224604.webm,10_20250907224604.webm_seg_9,N/A,N/A,1.92,assemblyai,Local Logic,,0.005,36.63
10_20250907224604.webm,10_20250907224604.webm_seg_10,N/A,N/A,2.49,assemblyai,Local Logic,,0.005,38.81
10_20250907224604.webm,10_20250907224604.webm_seg_11,N/A,N/A,2.04,assemblyai,Local Logic,,0.005,39.85
10_20250907224604.webm,10_20250907224604.webm_seg_12,N/A,N/A,0.51,assemblyai,Local Logic,,0.005,33.89
10_20250907224604.webm,10_20250907224604.webm_seg_13,N/A,N/A,2.14,assemblyai,Local Logic,,0.005,39.05
10_20250907224604.webm,10_20250907224604.webm_seg_14,N/A,N/A,2.24,assemblyai,Local Logic,,0.005,43.78
10_20250907224604.webm,10_20250907224604.webm_seg_15,N/A,N/A,1.79,assemblyai,Local Logic,,0.005,38.82
10_20250907224604.webm,10_20250907224604.webm_seg_16,N/A,N/A,1.21,assemblyai,Local Logic,,0.005,40.42
10_20250907224604.webm,10_20250907224604.webm_seg_17,N/A,N/A,0.80,assemblyai,Local Logic,,0.005,37.39
10_20250907224704.webm,10_20250907224704.webm_seg_1,N/A,N/A,1.56,assemblyai,Local Logic,,0.005,44.35
10_20250907224704.webm,10_20250907224704.webm_seg_2,N/A,N/A,1.53,assemblyai,Local Logic,,0.005,32.05
10_20250907224704.webm,10_20250907224704.webm_seg_3,N/A,N/A,0.96,assemblyai,Local Logic,,0.005,36.20
10_20250907224704.webm,10_20250907224704.webm_seg_4,N/A,N/A,0.70,assemblyai,Local Logic,,0.005,39.71
10_20250907224704.webm,10_20250907224704.webm_seg_5,N/A,N/A,1.37,assemblyai,Local Logic,,0.005,45.75
10_20250907224704.webm,10_20250907224704.webm_seg_6,N/A,N/A,0.48,assemblyai,Local Logic,,0.005,34.92
10_20250907224704.webm,10_20250907224704.webm_seg_7,N/A,N/A,1.05,assemblyai,Local Logic,,0.005,40.55
10_20250907224704.webm,10_20250907224704.webm_seg_8,N/A,N/A,0.32,assemblyai,Local Logic,,0.005,31.67
10_20250907224704.webm,10_20250907224704.webm_seg_9,N/A,N/A,2.01,assemblyai,Local Logic,,0.005,43.08
10_20250907224704.webm,10_20250907224704.webm_seg_10,N/A,N/A,0.54,assemblyai,Local Logic,,0.005,37.70
10_20250907224704.webm,10_20250907224704.webm_seg_11,N/A,N/A,2.04,assemblyai,Local Logic,,0.005,41.49
10_20250907224704.webm,10_20250907224704.webm_seg_12,N/A,N/A,1.21,assemblyai,Local Logic,,0.005,40.47
10_20250907224704.webm,10_20250907224704.webm_seg_13,N/A,N/A,0.35,assemblyai,Local Logic,,0.005,34.59
10_20250907224704.webm,10_20250907224704.webm_seg_14,N/A,N/A,0.73,assemblyai,Local Logic,,0.005,39.69
10_20250907224704.webm,10_20250907224704.webm_seg_15,N/A,N/A,2.20,assemblyai,Local Logic,,0.005,43.03
10_20250907224704.webm,10_20250907224704.webm_seg_16,N/A,N/A,1.47,assemblyai,Local Logic,,0.005,46.17
10_20250907224804.webm,10_20250907224804.webm_seg_1,N/A,N/A,0.89,assemblyai,Local Logic,,0.005,43.89
10_20250907224804.webm,10_20250907224804.webm_seg_2,N/A,N/A,0.86,assemblyai,Local Logic,,0.005,35.00
10_20250907224804.webm,10_20250907224804.webm_seg_3,N/A,N/A,0.32,assemblyai,Local Logic,,0.005,38.67
10_20250907224804.webm,10_20250907224804.webm_seg_4,N/A,N/A,2.65,assemblyai,Local Logic,,0.005,41.22
10_20250907224804.webm,10_20250907224804.webm_seg_5,N/A,N/A,0.80,assemblyai,Local Logic,,0.005,41.72
10_20250907224804.webm,10_20250907224804.webm_seg_6,N/A,N/A,0.60,assemblyai,Local Logic,,0.005,42.05
10_20250907224804.webm,10_20250907224804.webm_seg_7,N/A,N/A,0.48,assemblyai,Local Logic,,0.005,37.77
10_20250907224804.webm,10_20250907224804.webm_seg_8,N/A,N/A,1.02,assemblyai,Local Logic,,0.005,41.33
10_20250907224804.webm,10_20250907224804.webm_seg_9,N/A,N/A,3.23,assemblyai,Local Logic,,0.005,47.43
10_20250907224804.webm,10_20250907224804.webm_seg_10,N/A,N/A,0.67,assemblyai,Local Logic,,0.005,38.86
10_20250907224804.webm,10_20250907224804.webm_seg_11,N/A,N/A,0.89,assemblyai,Local Logic,,0.005,44.58
10_20250907224804.webm,10_20250907224804.webm_seg_12,N/A,N/A,0.41,assemblyai,Local Logic,,0.005,34.76
10_20250907224804.webm,10_20250907224804.webm_seg_13,N/A,N/A,0.51,assemblyai,Local Logic,,0.005,39.33
10_20250907224804.webm,10_20250907224804.webm_seg_14,N/A,N/A,1.92,assemblyai,Local Logic,,0.005,39.84
10_20250907224904.webm,10_20250907224904.webm_seg_1,N/A,N/A,3.90,assemblyai,Local Logic,,0.005,48.36
10_20250907224904.webm,10_20250907224904.webm_seg_2,N/A,N/A,0.32,assemblyai,Local Logic,,0.005,39.08
10_20250907224904.webm,10_20250907224904.webm_seg_3,N/A,N/A,0.38,assemblyai,Local Logic,,0.005,38.81
10_20250907224904.webm,10_20250907224904.webm_seg_4,N/A,N/A,1.05,assemblyai,Local Logic,,0.005,35.32
10_20250907224904.webm,10_20250907224904.webm_seg_5,N/A,N/A,0.54,assemblyai,Local Logic,,0.005,40.12
10_20250907224904.webm,10_20250907224904.webm_seg_6,N/A,N/A,0.86,assemblyai,Local Logic,,0.005,43.87
10_20250907224904.webm,10_20250907224904.webm_seg_7,N/A,N/A,0.92,assemblyai,Local Logic,,0.005,50.56
10_20250907225004.webm,10_20250907225004.webm_seg_1,N/A,N/A,2.65,assemblyai,Local Logic,,0.005,47.74
10_20250907225004.webm,10_20250907225004.webm_seg_2,N/A,N/A,2.30,assemblyai,Local Logic,,0.005,46.58
10_20250907225004.webm,10_20250907225004.webm_seg_3,N/A,N/A,3.39,assemblyai,Local Logic,,0.005,47.99
10_20250907225004.webm,10_20250907225004.webm_seg_4,N/A,N/A,0.48,assemblyai,Local Logic,,0.005,44.21
10_20250907225004.webm,10_20250907225004.webm_seg_5,N/A,N/A,1.40,assemblyai,Local Logic,,0.005,47.10
10_20250907225004.webm,10_20250907225004.webm_seg_6,N/A,N/A,4.57,assemblyai,Local Logic,,0.005,50.79
10_20250907225004.webm,10_20250907225004.webm_seg_7,N/A,N/A,0.32,assemblyai,Local Logic,,0.005,56.39
10_20250907225004.webm,10_20250907225004.webm_seg_8,N/A,N/A,0.73,assemblyai,Local Logic,,0.005,53.02
10_20250907225004.webm,10_20250907225004.webm_seg_9,N/A,N/A,0.54,assemblyai,Local Logic,,0.005,37.65
10_20250907225104.webm,10_20250907225104.webm_seg_1,N/A,N/A,0.99,assemblyai,Local Logic,,0.005,33.79
10_20250907225104.webm,10_20250907225104.webm_seg_2,N/A,N/A,0.41,assemblyai,Local Logic,,0.005,39.63
10_20250907225104.webm,10_20250907225104.webm_seg_3,N/A,N/A,2.68,assemblyai,Local Logic,,0.005,47.10
10_20250907225104.webm,10_20250907225104.webm_seg_4,N/A,N/A,1.12,assemblyai,Local Logic,,0.005,47.49
10_20250907225104.webm,10_20250907225104.webm_seg_5,N/A,N/A,0.86,assemblyai,Local Logic,,0.005,44.44
10_20250907225104.webm,10_20250907225104.webm_seg_6,N/A,N/A,0.96,assemblyai,Local Logic,,0.005,53.96
10_20250907225104.webm,10_20250907225104.webm_seg_7,N/A,N/A,0.83,assemblyai,Local Logic,,0.005,45.66
10_20250907225104.webm,10_20250907225104.webm_seg_8,N/A,N/A,0.80,assemblyai,Local Logic,,0.005,47.70
10_20250907225104.webm,10_20250907225104.webm_seg_9,N/A,N/A,0.80,assemblyai,Local Logic,,0.005,47.19
10_20250907225104.webm,10_20250907225104.webm_seg_10,N/A,N/A,1.82,assemblyai,Local Logic,,0.005,47.36
10_20250907225104.webm,10_20250907225104.webm_seg_11,N/A,N/A,4.96,assemblyai,Local Logic,,0.005,40.35
10_20250907225104.webm,10_20250907225104.webm_seg_12,N/A,N/A,0.70,assemblyai,Local Logic,,0.005,51.27
10_20250907225304.webm,10_20250907225304.webm_seg_1,N/A,N/A,4.00,assemblyai,Local Logic,,0.005,43.38
10_20250907225304.webm,10_20250907225304.webm_seg_2,N/A,N/A,4.35,assemblyai,Local Logic,,0.005,43.58
10_20250907225304.webm,10_20250907225304.webm_seg_3,N/A,N/A,4.99,assemblyai,Local Logic,,0.005,44.14
10_20250907225304.webm,10_20250907225304.webm_seg_4,N/A,N/A,3.29,assemblyai,Local Logic,,0.005,46.89
10_20250907225604.webm,10_20250907225604.webm_seg_1,N/A,N/A,0.38,assemblyai,Local Logic,,0.005,35.77
10_20250907225704.webm,10_20250907225704.webm_seg_1,N/A,N/A,0.73,assemblyai,Local Logic,,0.005,36.24
10_20250907225704.webm,10_20250907225704.webm_seg_2,N/A,N/A,0.99,assemblyai,Local Logic,,0.005,41.93
10_20250907225704.webm,10_20250907225704.webm_seg_3,N/A,N/A,0.83,assemblyai,Local Logic,,0.005,42.79
10_20250907225704.webm,10_20250907225704.webm_seg_4,N/A,N/A,2.30,assemblyai,Local Logic,,0.005,37.90
10_20250907225704.webm,10_20250907225704.webm_seg_5,N/A,N/A,2.75,assemblyai,Local Logic,,0.005,50.80
10_20250907225704.webm,10_20250907225704.webm_seg_6,N/A,N/A,0.32,assemblyai,Local Logic,,0.005,32.55
10_20250907225704.webm,10_20250907225704.webm_seg_7,N/A,N/A,1.60,assemblyai,Local Logic,,0.005,40.49
10_20250907225704.webm,10_20250907225704.webm_seg_8,N/A,N/A,2.49,assemblyai,Local Logic,,0.005,43.80
10_20250907225704.webm,10_20250907225704.webm_seg_9,N/A,N/A,0.57,assemblyai,Local Logic,,0.005,41.14
10_20250907225704.webm,10_20250907225704.webm_seg_10,N/A,N/A,0.54,assemblyai,Local Logic,,0.005,49.13
10_20250907225804.webm,10_20250907225804.webm_seg_1,N/A,N/A,0.54,assemblyai,Local Logic,,0.005,37.79
10_20250907225804.webm,10_20250907225804.webm_seg_2,N/A,N/A,1.05,assemblyai,Local Logic,,0.005,42.44
10_20250907225804.webm,10_20250907225804.webm_seg_3,N/A,N/A,0.35,assemblyai,Local Logic,,0.005,45.14
10_20250907225804.webm,10_20250907225804.webm_seg_4,N/A,N/A,1.82,assemblyai,Local Logic,,0.005,41.11
10_20250907225804.webm,10_20250907225804.webm_seg_5,N/A,N/A,0.80,assemblyai,Local Logic,,0.005,40.80
10_20250907225804.webm,10_20250907225804.webm_seg_6,N/A,N/A,0.38,assemblyai,Local Logic,,0.005,39.23
10_20250907225804.webm,10_20250907225804.webm_seg_7,N/A,N/A,0.73,assemblyai,Local Logic,,0.005,33.35
10_20250907225904.webm,10_20250907225904.webm_seg_1,N/A,N/A,0.96,assemblyai,Local Logic,,0.005,43.50
10_20250907225904.webm,10_20250907225904.webm_seg_2,N/A,N/A,0.73,assemblyai,Local Logic,,0.005,49.65
14_20250907214309.webm,14_20250907214309.webm_seg_1,N/A,N/A,0.96,assemblyai,Local Logic,,0.005,44.63
7_20250702092849.webm,7_20250702092849.webm_seg_1,N/A,N/A,3.04,assemblyai,Local Logic,,0.005,41.03
7_20250702092849.webm,7_20250702092849.webm_seg_2,N/A,N/A,1.31,assemblyai,Local Logic,,0.005,36.72
8_20250702092748.webm,8_20250702092748.webm_seg_1,N/A,N/A,1.66,assemblyai,Local Logic,,0.005,58.25
8_20250702092748.webm,8_20250702092748.webm_seg_2,N/A,N/A,0.96,assemblyai,Local Logic,,0.005,47.81
8_20250702092748.webm,8_20250702092748.webm_seg_3,N/A,N/A,1.21,assemblyai,Local Logic,,0.005,36.93
8_20250702092748.webm,8_20250702092748.webm_seg_4,N/A,N/A,1.50,assemblyai,Local Logic,,0.005,51.64
8_20250702092748.webm,8_20250702092748.webm_seg_5,N/A,N/A,1.44,assemblyai,Local Logic,,0.005,48.26
8_20250702092950.webm,8_20250702092950.webm_seg_1,N/A,N/A,1.56,assemblyai,Local Logic,,0.005,53.32
8_20250702092950.webm,8_20250702092950.webm_seg_2,N/A,N/A,0.83,assemblyai,Local Logic,,0.005,41.07
8_20250702092950.webm,8_20250702092950.webm_seg_3,N/A,N/A,0.73,assemblyai,Local Logic,,0.005,42.80
8_20250702092950.webm,8_20250702092950.webm_seg_4,N/A,N/A,1.34,assemblyai,Local Logic,,0.005,38.07
8_20250702092950.webm,8_20250702092950.webm_seg_5,N/A,N/A,1.72,assemblyai,Local Logic,,0.005,46.61
8_20250702092950.webm,8_20250702092950.webm_seg_6,N/A,N/A,3.23,assemblyai,Local Logic,,0.005,41.47
8_20250702092950.webm,8_20250702092950.webm_seg_7,N/A,N/A,2.59,assemblyai,Local Logic,,0.005,53.17
8_20250702092950.webm,8_20250702092950.webm_seg_8,N/A,N/A,0.41,assemblyai,Local Logic,,0.005,52.15
8_20250702092950.webm,8_20250702092950.webm_seg_9,N/A,N/A,1.40,assemblyai,Local Logic,,0.005,51.23
8_20250702092950.webm,8_20250702092950.webm_seg_10,N/A,N/A,4.35,assemblyai,Local Logic,,0.005,44.46
8_20250702092950.webm,8_20250702092950.webm_seg_11,N/A,N/A,2.46,assemblyai,Local Logic,,0.005,49.78
8_20250702092950.webm,8_20250702092950.webm_seg_12,N/A,N/A,0.57,assemblyai,Local Logic,,0.005,52.45
8_20250702092950.webm,8_20250702092950.webm_seg_13,N/A,N/A,0.80,assemblyai,Local Logic,,0.005,50.49
8_20250702092950.webm,8_20250702092950.webm_seg_14,N/A,N/A,2.36,assemblyai,Local Logic,,0.005,47.33
8_20250702092950.webm,8_20250702092950.webm_seg_15,N/A,N/A,3.20,assemblyai,Local Logic,,0.005,49.38
8_20250702092950.webm,8_20250702092950.webm_seg_16,N/A,N/A,0.76,assemblyai,Local Logic,,0.005,35.19
8_20250702092950.webm,8_20250702092950.webm_seg_17,N/A,N/A,0.54,assemblyai,Local Logic,,0.005,56.02
8_20250702092950.webm,8_20250702092950.webm_seg_18,N/A,N/A,1.53,assemblyai,Local Logic,,0.005,49.48
8_20250702092950.webm,8_20250702092950.webm_seg_19,N/A,N/A,2.27,assemblyai,Local Logic,,0.005,47.66
8_20250702092950.webm,8_20250702092950.webm_seg_20,N/A,N/A,0.73,assemblyai,Local Logic,,0.005,53.90
8_20250702092950.webm,8_20250702092950.webm_seg_21,N/A,N/A,0.70,assemblyai,Local Logic,,0.005,50.55
8_20250702092950.webm,8_20250702092950.webm_seg_22,N/A,N/A,0.41,assemblyai,Local Logic,,0.005,44.20
8_20250702092950.webm,8_20250702092950.webm_seg_23,N/A,N/A,2.72,assemblyai,Local Logic,,0.005,46.60
8_20250702092950.webm,8_20250702092950.webm_seg_24,N/A,N/A,0.86,assemblyai,Local Logic,,0.005,51.35
8_20250702092950.webm,8_20250702092950.webm_seg_25,N/A,N/A,0.83,assemblyai,Local Logic,,0.005,40.47
8_20250702092950.webm,8_20250702092950.webm_seg_26,N/A,N/A,3.04,assemblyai,Local Logic,,0.005,41.13
8_20250702092950.webm,8_20250702092950.webm_seg_27,N/A,N/A,0.73,assemblyai,Local Logic,,0.005,51.64
8_20250702092950.webm,8_20250702092950.webm_seg_28,N/A,N/A,0.64,assemblyai,Local Logic,,0.005,47.21
8_20250702092950.webm,8_20250702092950.webm_seg_29,N/A,N/A,1.34,assemblyai,Local Logic,,0.005,47.56
8_20250702092950.webm,8_20250702092950.webm_seg_30,N/A,N/A,0.70,assemblyai,Local Logic,,0.005,35.26
8_20250702093051.webm,8_20250702093051.webm_seg_1,N/A,N/A,1.08,assemblyai,Local Logic,,0.005,53.41
8_20250702093051.webm,8_20250702093051.webm_seg_2,N/A,N/A,3.48,assemblyai,Local Logic,,0.005,49.52
8_20250702093051.webm,8_20250702093051.webm_seg_3,N/A,N/A,0.35,assemblyai,Local Logic,,0.005,46.59
8_20250702093152.webm,8_20250702093152.webm_seg_1,N/A,N/A,0.41,assemblyai,Local Logic,,0.005,47.52
8_20250702093152.webm,8_20250702093152.webm_seg_2,N/A,N/A,0.76,assemblyai,Local Logic,,0.005,48.59
8_20250702093152.webm,8_20250702093152.webm_seg_3,N/A,N/A,4.92,assemblyai,Local Logic,,0.005,46.92
8_20250702093152.webm,8_20250702093152.webm_seg_4,N/A,N/A,0.32,assemblyai,Local Logic,,0.005,47.82
8_20250702093152.webm,8_20250702093152.webm_seg_5,N/A,N/A,1.05,assemblyai,Local Logic,,0.005,48.19
8_20250702093152.webm,8_20250702093152.webm_seg_6,N/A,N/A,2.52,assemblyai,Local Logic,,0.005,45.72
8_20250702093152.webm,8_20250702093152.webm_seg_7,N/A,N/A,0.48,assemblyai,Local Logic,,0.005,50.96
8_20250702093152.webm,8_20250702093152.webm_seg_8,N/A,N/A,1.02,assemblyai,Local Logic,,0.005,45.18
8_20250702093152.webm,8_20250702093152.webm_seg_9,N/A,N/A,1.31,assemblyai,Local Logic,,0.005,39.74
8_20250702093152.webm,8_20250702093152.webm_seg_10,N/A,N/A,2.33,assemblyai,Local Logic,,0.005,39.86
8_20250702093152.webm,8_20250702093152.webm_seg_11,N/A,N/A,0.57,assemblyai,Local Logic,,0.005,48.70
8_20250702093152.webm,8_20250702093152.webm_seg_12,N/A,N/A,1.47,assemblyai,Local Logic,,0.005,47.90
8_20250702093152.webm,8_20250702093152.webm_seg_13,N/A,N/A,1.82,assemblyai,Local Logic,,0.005,42.17
8_20250702093152.webm,8_20250702093152.webm_seg_14,N/A,N/A,2.40,assemblyai,Local Logic,,0.005,49.80
8_20250702093152.webm,8_20250702093152.webm_seg_15,N/A,N/A,0.41,assemblyai,Local Logic,,0.005,59.15
8_20250702093152.webm,8_20250702093152.webm_seg_16,N/A,N/A,2.56,assemblyai,Local Logic,,0.005,49.28
8_20250702093152.webm,8_20250702093152.webm_seg_17,N/A,N/A,0.60,assemblyai,Local Logic,,0.005,37.57
8_20250702093152.webm,8_20250702093152.webm_seg_18,N/A,N/A,3.39,assemblyai,Local Logic,,0.005,51.48
